<?xml version="1.0" encoding="utf-8"?>
<odoo>
    <record id="cron_rfm_segmentation" model="ir.cron">
        <field name="name">Starbucks RFM and Product Segmentation</field>
        <field name="model_id" ref="base.model_res_partner"/>
        <field name="state">code</field>
        <field name="code">model.action_run_segmentation()</field>
        <field name="interval_number">1</field>
        <field name="interval_type">days</field>
        <field name="active">True</field>
    </record>
</odoo>