<!-- pos_reward_redemption/data/mail_template.xml -->
<odoo>
	<record id="mail_template_reward_redeemed" model="mail.template">
		<field name="name">POS Reward Redeemed Notification</field>
		<field name="model_id" ref="point_of_sale.model_pos_order"/>
		<field name="subject">[Starbucks Demo] Bạn vừa đổi thưởng thành công</field>
		<field name="email_from">${(object.company_id.email or 'noreply@example.com')|safe}</field>
		<field name="email_to">${object.partner_id.email|safe}</field>
		<field name="auto_delete" eval="True"/>
		<field name="body_html">
			<![CDATA[
<div>
    <p>Chào ${object.partner_id.name or 'Quý khách'},</p>

    <p>Bạn vừa sử dụng điểm thưởng trong chương trình Starbucks Rewards Demo.</p>

    <p>
        <strong>Phần thưởng:</strong>
        % if ctx.get('reward_desc'):
            ${ctx.get('reward_desc')}
        % else:
            ${object.reward_description or 'Không có mô tả'}
        % endif
        <br/>
        <strong>Số điểm đã sử dụng:</strong>
        % if ctx.get('reward_points'):
            ${ctx.get('reward_points')}
        % else:
            ${object.reward_points_spent}
        % endif
        <br/>
        <strong>Mã hoá đơn POS:</strong> ${object.name}
    </p>

    <p>Cảm ơn bạn đã đồng hành cùng chúng tôi.</p>

    <p>Trân trọng,<br/>
    Starbucks Demo Team</p>
</div>
        ]]>
		</field>
	</record>
</odoo>
